"1";"1";"move to toy ."
"1";"2";"retrieve toy ."
"1";"3";"move to toy box ."
"1";"4";"place toy in toy box ."
"1";"5";"repeat steps ."
"2";"1";"pick up toys ."
"2";"2";"figure out where toys belong ."
"2";"3";"place toys where they belong ."
"3";"1";"pick up a toy from the floor ."
"3";"2";"put it in the place where it belongs ."
"3";"3";"repeat until all toys are put away ."
"4";"1";"pick up a toy ."
"4";"2";"put the toy in the place in which it belongs ."
"4";"3";"continue until all toys are put away ."
"5";"1";"gather all scattered toys ."
"5";"2";"locate the proper positions for the toys ."
"5";"3";"replace the toys in their proper positions ."
"6";"1";"find toys ."
"6";"2";"pick up toys ."
"6";"3";"place toys in box ."
"6";"4";"repeat ."
"7";"1";"gather toys ."
"7";"2";"clean one by one ."
"7";"3";"put toys back ."
"8";"1";"visually locate all toys ."
"8";"2";"pick a toy up ."
"8";"3";"carry it to the proper room ."
"8";"4";"place the toy in it s storage location ."
"8";"5";"repeat until all toys are put away ."
"9";"1";"gather each toy ."
"9";"2";"one by one place the toys where they go ."
"10";"1";"pick up a toy ."
"10";"2";"put it in its correct place ."
"10";"3";"pick up another toy ."
"10";"4";"put it in its correct place ."
"10";"5";"keep going until all the toys are in their correct places ."
"11";"1";"locate any toys that are out of place ."
"11";"2";"pick a toy up ."
"11";"3";"carry it to the room it belongs in ."
"11";"4";"return the toy to it s proper place ."
"11";"5";"continue until all toys have been returned ."
"12";"1";"picking up the toys ."
"12";"2";"sorting them ."
"12";"3";"putting them in the proper place ."
"12";"4";"teaching the child to pick up after themself ."
"13";"1";"pick  up toys ."
"13";"2";"carry toys to toy box ."
"13";"3";"put toys in toy box ."
"14";"1";"selecting toys ."
"14";"2";"puting them into the box ."
"14";"3";"puting the box in a correct place ."
"15";"1";"gather toys ."
"15";"2";"clean toys ."
"15";"3";"put toys back ."
"16";"1";"locate toys in room ."
"16";"2";"gather toys into one location ."
"16";"3";"replace toys in their proper positions ."
"17";"1";"locating the toys ."
"17";"2";"moving to the toys ."
"17";"3";"picking up the toys ."
"17";"4";"moving the toys to their storage location ."
"17";"5";"placing the toys in their storage location ."
"18";"1";"identify toys ."
"18";"2";"pick up toys ."
"18";"3";"take toys to storage place ."
"18";"4";"put down toys ."
"19";"1";"go to a room ."
"19";"2";"look for toys on the floor ."
"19";"3";"determine if there is a child in the room ."
"19";"4";"pick up the toys if there is no child ."
"19";"5";"put them away ."
"20";"1";"open the toybox ."
"20";"2";"pick up all the toys ."
"20";"3";"put the toys in the toybox ."
"20";"4";"close the toybox ."
"21";"1";"pick up toys ."
"21";"2";"put them away ."
"22";"1";"take away all the toys ."
"22";"2";"put the toys in a toy box ."
"23";"1";"bend over ."
"23";"2";"reach for toys ."
"23";"3";"stand up ."
"23";"4";"put toys in a bin ."
"24";"1";"pick up toys ."
"24";"2";"place in toybox ."
"25";"1";"pick up toys ."
"25";"2";"put toys away in designated spot ."
"26";"1";"pick up toys ."
"26";"2";"put toys away in designated spot ."
"27";"1";"pick up toy ."
"27";"2";"wipe off with rag ."
"27";"3";"drop toy ."
"27";"4";"pick up different toy wipe and drop ."
"27";"5";"repeat until all dirty toys are wiped ."
"28";"1";"find toys ."
"28";"2";"pick-up toys ."
"28";"3";"place toys where they belong ."
"29";"1";"pick up toys ."
"29";"2";"put toys away ."
"30";"1";"find toy ."
"30";"2";"bend over ."
"30";"3";"pickup toy ."
"30";"4";"place toy in proper place ."
"31";"1";"pick up toys ."
"31";"2";"put toys away ."
"32";"1";"pick up toys off the floor ."
"32";"2";"place in a bin or other suitable container ."
"32";"3";"repeat steps 1 and 2 until all toys are off of the floor ."
"33";"1";"pick up toys off the floor ."
"33";"2";"place in a bin or other suitable container ."
"33";"3";"repeat steps 1 and 2 until all toys are off of the floor ."
"34";"1";"find toy ."
"34";"2";"pick up toy ."
"34";"3";"look for dirt on toy ."
"34";"4";"wipe brush or wash dirt off of toy ."
"34";"5";"repeat until toy is clean ."
"34";"6";"when toy is clean place toy in toybox ."
"34";"7";"repeat steps 1 thru 7 until no toys remain outside toybox ."
"35";"1";"pick up toys from floor ."
"35";"2";"put toys in toybox ."
"36";"1";"identify which toys are to be put away ."
"36";"2";"pick up toys ."
"36";"3";"place toys into their rightful containers ."
"37";"1";"find appropriate places to store toys ."
"37";"2";"pick them up ."
"37";"3";"place them in storage ."
"37";"4";"look in hard to reach places for any extras ."
"37";"5";"enjoy clean room ."
"38";"1";"clean toyas ."
"39";"1";"pick up toys ."
"39";"2";"place in toybin ."
"40";"1";"pick up toys ."
"40";"2";"place in toybin ."
"41";"1";"pick up toys ."
"41";"2";"place in toybin ."
"42";"1";"pick up toys ."
"42";"2";"place in toybox ."
"43";"1";"pick up toys ."
"43";"2";"place in toybox ."
"44";"1";"pick up toys ."
"44";"2";"place in toybox ."
"45";"1";"pick up toys ."
"45";"2";"place in toybox ."
"46";"1";"open toy box ."
"46";"2";"pick up toys and put them in the box ."
"46";"3";"close the lid of the toybox ."
"47";"1";"assess mess ."
"47";"2";"gather culprets ."
"47";"3";"assign duties ."
"47";"4";"supervise task ."
"47";"5";"clean up ."
"47";"6";"vacuum ."
"47";"7";"sanitize ."
"48";"1";"assess mess ."
"48";"2";"gather culprets ."
"48";"3";"assign duties ."
"48";"4";"supervise task ."
"48";"5";"clean up ."
"48";"6";"vacuum ."
"48";"7";"sanitize ."
"49";"1";"assess mess ."
"49";"2";"gather culprets ."
"49";"3";"assign duties ."
"49";"4";"supervise task ."
"49";"5";"clean up ."
"49";"6";"vacuum ."
"49";"7";"sanitize ."
"50";"1";"locate toys ."
"50";"2";"pick up all toys ."
"50";"3";"place some toys in basket or toy box ."
"50";"4";"place remaining toys on shelves or in corner ."
"51";"1";"locate toys ."
"51";"2";"pick up all toys ."
"51";"3";"place some toys in basket or toy box ."
"51";"4";"place remaining toys on shelves or in corner ."
"52";"1";"pick up toy ."
"52";"2";"put in bin ."
"52";"3";"repeat steps 1 and 2 ."
"53";"1";"pick up toy ."
"53";"2";"put in bin ."
"53";"3";"repeat steps 1 and 2 ."
"54";"1";"pick up toy ."
"54";"2";"put in bin ."
"54";"3";"repeat steps 1 and 2 ."
"55";"1";"pick up one toy ."
"55";"2";"put it where it belongs ."
"55";"3";"repeat steps 1 and 2 ."
"55";"4";"done when no more toys ."
"56";"1";"pick up one toy ."
"56";"2";"put it where it belongs ."
"56";"3";"repeat steps 1 and 2 ."
"56";"4";"done when no more toys ."
"57";"1";"pick up one toy ."
"57";"2";"put it where it belongs ."
"57";"3";"repeat steps 1 and 2 ."
"57";"4";"done when no more toys ."
"58";"1";"pick up toys ."
"58";"2";"put in box ."
"58";"3";"close box lid ."
"59";"1";"bend down ."
"59";"2";"pick up toys ."
"59";"3";"gather them up ."
"59";"4";"dump them in the toy bin ."
"60";"1";"pick up toys ."
"60";"2";"put in toy box ."
"61";"1";"scan the toys on the floor ."
"61";"2";"decide what piles to make ."
"61";"3";"pick up a toy ."
"61";"4";"place it in the right pile ."
"61";"5";"repeat unitl all toys are sorted ."
"61";"6";"put away each pile where it belongs ."
"62";"1";"scan the toys on the floor ."
"62";"2";"decide what piles to make ."
"62";"3";"pick up a toy ."
"62";"4";"place it in the right pile ."
"62";"5";"repeat unitl all toys are sorted ."
"62";"6";"put away each pile where it belongs ."
"63";"1";"scan the toys on the floor ."
"63";"2";"decide what piles to make ."
"63";"3";"pick up a toy ."
"63";"4";"place it in the right pile ."
"63";"5";"repeat unitl all toys are sorted ."
"63";"6";"put away each pile where it belongs ."
