"1";"1";"get a package of noodles ."
"1";"2";"put the noodles in a pot of water ."
"1";"3";"put the pot on the stove ."
"1";"4";"turn the stove to medium heat ."
"1";"5";"take the pot off when noodles are done ."
"2";"1";"put water in pan ."
"2";"2";"boil water in pan ."
"2";"3";"put noodles in boiling water ."
"2";"4";"let noodles cook until soft ."
"2";"5";"drain water from pan ."
"2";"6";"put noodles in bowl ."
"3";"1";"locate cooker ."
"3";"2";"locate pan ."
"3";"3";"locate noodle ."
"3";"4";"put noodle in pan ."
"3";"5";"put water in pan ."
"3";"6";"boil noodle in pan of water on the cooker ."
"4";"1";"place noodle in pan ."
"4";"2";"put pan on stove ."
"4";"3";"heat stove ."
"5";"1";"open a pack of noodles ."
"5";"2";"read the instructions on the pack ."
"5";"3";"follow the instructions ."
"6";"1";"get a pot from cabinet ."
"6";"2";"fill pot with water ."
"6";"3";"place pot on stove ."
"6";"4";"turn on stove to desired heat ."
"6";"5";"place noodles inside pot ."
"6";"6";"place lid on pot ."
"7";"1";"bring water to a boil ."
"7";"2";"add salt and oil ."
"7";"3";"add the noodles ."
"7";"4";"stir occasionally ."
"7";"5";"cook until noodles are tender ."
"7";"6";"drain off the water ."
"8";"1";"get pan ."
"8";"2";"fill pan with water ."
"8";"3";"allow water to boil ."
"8";"4";"pour in noodles ."
"8";"5";"boil until done ."
"9";"1";"boil water in a pan ."
"9";"2";"open noodle package ."
"9";"3";"put noodles in pan of water ."
"9";"4";"boil for one minute ."
"9";"5";"strain noodles ."
"10";"1";"get a pot ."
"10";"2";"fill pot with water ."
"10";"3";"put noodles in pot ."
"10";"4";"put pot on stove ."
"10";"5";"turn on stove ."
"10";"6";"boil pot ."
"10";"7";"strain noodles ."
"11";"1";"get a pot ."
"11";"2";"fill pot with water ."
"11";"3";"put noodles in pot ."
"11";"4";"put pot on stove ."
"11";"5";"turn on stove ."
"11";"6";"boil pot ."
"11";"7";"strain noodles ."
"12";"1";"put water in pan ."
"12";"2";"put pan on stove burner ."
"12";"3";"turn on burner under pan ."
"12";"4";"wait for water to come to boil ."
"12";"5";"add noodles to boiling water ."
"12";"6";"cook noodles until soft ."
"12";"7";"pour cooked noodles into strainer ."
"13";"1";"boil a pot of water ."
"13";"2";"merasure the correct amount of noodles and pour in ."
"13";"3";"check box for cooking time ."
"13";"4";"boilfor the correct amount of time ."
"14";"1";"put water in a pot ."
"14";"2";"turn on stove ."
"14";"3";"put the pot on the stove ."
"14";"4";"when water boils add noodles ."
"14";"5";"test noodles every minute ."
"14";"6";"when noodles are soft take pot off of stove ."
"14";"7";"drain contents of pot using strainer ."
"15";"1";"put water in pot ."
"15";"2";"put pot on burner ."
"15";"3";"turn burner on high ."
"15";"4";"put lid on pot ."
"15";"5";"bring water to a boil ."
"15";"6";"remove lid ."
"15";"7";"add noodles ."
"16";"1";"fill pot with water ."
"16";"2";"place pot on stove ."
"16";"3";"turn stove on high ."
"16";"4";"wait for water to boil ."
"16";"5";"add noodles to boiling water ."
"16";"6";"stir noodles ."
"16";"7";"remove when noodles are tender but firm ."
"17";"1";"fill large pot with water ."
"17";"2";"set pot on burner ."
"17";"3";"turn burner to high ."
"17";"4";"wait for water to boil ."
"17";"5";"open noodle package ."
"17";"6";"empty noodles into boiling water ."
"17";"7";"let cook for 11 minutes ."
"18";"1";"boil water ."
"18";"2";"add noodles ."
"18";"3";"cook for 15 minutes ."
"18";"4";"drain noodles ."
"19";"1";"boil water ."
"19";"2";"add noodles ."
"19";"3";"cook for 15 minutes ."
"19";"4";"drain noodles ."
"20";"1";"boil water ."
"20";"2";"add noodles ."
"20";"3";"cook for 15 minutes ."
"20";"4";"drain noodles ."
"21";"1";"buy noodles ."
"21";"2";"boil water ."
"21";"3";"open noodle package ."
"21";"4";"place noodles in water ."
"21";"5";"cook noodles until tender ."
"22";"1";"boil water ."
"22";"2";"cook noodles ."
"22";"3";"strain noodles ."
"22";"4";"serve noodles ."
"23";"1";"boil water ."
"23";"2";"add noodles ."
"23";"3";"boil for 5 min ."
"23";"4";"drain water ."
"24";"1";"putting water into pot ."
"24";"2";"turning on stove ."
"24";"3";"putting the pot on the stove ."
"24";"4";"waiting until the water is boiling ."
"24";"5";"boil noodles ."
"24";"6";"let them rest ."
"24";"7";"drain noodles ."
"25";"1";"put water in a pan ."
"25";"2";"put noodle in the water ."
"25";"3";"put pan on the stove ."
"25";"4";"put heat on the burner under the pan ."
"25";"5";"wait til water boils for seven minutes then rinse and serve ."
"26";"1";"put water in a pan ."
"26";"2";"put noodle in the water ."
"26";"3";"put pan on the stove ."
"26";"4";"put heat on the burner under the pan ."
"26";"5";"wait til water boils for seven minutes then rinse and serve ."
"27";"1";"put water in a pan ."
"27";"2";"put noodle in the water ."
"27";"3";"put pan on the stove ."
"27";"4";"put heat on the burner under the pan ."
"27";"5";"wait til water boils for seven minutes then rinse and serve ."
"28";"1";"put water in a pan ."
"28";"2";"put noodle in the water ."
"28";"3";"put pan on the stove ."
"28";"4";"put heat on the burner under the pan ."
"28";"5";"wait til water boils for seven minutes then rinse and serve ."
"29";"1";"put water in a pan ."
"29";"2";"put noodle in the water ."
"29";"3";"put pan on the stove ."
"29";"4";"put heat on the burner under the pan ."
"29";"5";"wait til water boils for seven minutes then rinse and serve ."
"30";"1";"put water in a pan ."
"30";"2";"put noodle in the water ."
"30";"3";"put pan on the stove ."
"30";"4";"put heat on the burner under the pan ."
"30";"5";"wait til water boils for seven minutes then rinse and serve ."
"31";"1";"put water in pot ."
"31";"2";"place pot on element ."
"31";"3";"turn on element ."
"31";"4";"let water boil ."
"31";"5";"add noodles to water ."
"31";"6";"cook until tender ."
"31";"7";"remove from element and drain ."
"32";"1";"put water in pot ."
"32";"2";"place pot on element ."
"32";"3";"turn on element ."
"32";"4";"let water boil ."
"32";"5";"add noodles to water ."
"32";"6";"cook until tender ."
"32";"7";"remove from element and drain ."
"33";"1";"obtain noodle ."
"33";"2";"obtain pot ."
"33";"3";"fill pot with water ."
"33";"4";"place noodle in pot ."
"33";"5";"boil noodle until tender ."
"34";"1";"obtain noodle ."
"34";"2";"obtain pot ."
"34";"3";"fill pot with water ."
"34";"4";"place noodle in pot ."
"34";"5";"boil noodle until tender ."
"35";"1";"put water in pot ."
"35";"2";"place pot on stove ."
"35";"3";"turn on element ."
"35";"4";"let water boil ."
"35";"5";"add noodles ."
"35";"6";"cook until tender ."
"35";"7";"drain ."
"36";"1";"put water in pot ."
"36";"2";"place pot on stove ."
"36";"3";"turn on element ."
"36";"4";"let water boil ."
"36";"5";"add noodles ."
"36";"6";"cook until tender ."
"36";"7";"drain ."
"37";"1";"put water in pot ."
"37";"2";"place pot on stove ."
"37";"3";"turn on element ."
"37";"4";"let water boil ."
"37";"5";"add noodles ."
"37";"6";"cook until tender ."
"37";"7";"drain ."
"38";"1";"get noodle ."
"38";"2";"get pot ."
"38";"3";"get water in pot ."
"38";"4";"heat water to boil ."
"38";"5";"put noodle in water ."
"39";"1";"fill pot with water ."
"39";"2";"put pot on stove ."
"39";"3";"turn on stove ."
"39";"4";"when water boils put in noodles ."
"39";"5";"cook for 5 minutes ."
"39";"6";"after 5 minutes turn off stove ."
"40";"1";"fill pot with water ."
"40";"2";"put pot on stove ."
"40";"3";"turn on stove ."
"40";"4";"when water boils put in noodles ."
"40";"5";"cook for 5 minutes ."
"40";"6";"after 5 minutes turn off stove ."
"41";"1";"take noodle ."
"41";"2";"place noodle in pot ."
"41";"3";"heat pot on stove ."
