"1";"1";"decide what to cook ."
"1";"2";"make a shopping list ."
"1";"3";"go to the store and buy ingredients ."
"1";"4";"cook the meal ."
"1";"5";"set the table ."
"1";"6";"set the finished dishes on the table ."
"2";"1";"set the table ."
"2";"2";"cook food ."
"2";"3";"place cooked food on table ."
"2";"4";"announce that dinner is served ."
"3";"1";"set the table ."
"3";"2";"place cooked food on the table ."
"3";"3";"inform those eating that the food is ready ."
"4";"1";"set the table ."
"4";"2";"carry the meal to the table ."
"4";"3";"put the meal onto each person s plate ."
"5";"1";"take a plate ."
"5";"2";"put the food on the plate ."
"5";"3";"put the plate at the dining table ."
"6";"1";"plan meal ."
"6";"2";"cook meal ."
"6";"3";"bring dishes to table ."
"6";"4";"remove dirty dishes ."
"7";"1";"buy the food ."
"7";"2";"prepare the recipe ."
"7";"3";"cook the food ."
"7";"4";"set the table ."
"7";"5";"serve the food ."
"7";"6";"pick up the dirty dishes ."
"7";"7";"clean the table ."
"8";"1";"set table ."
"8";"2";"bring food at table ."
"8";"3";"put food in plate ."
"9";"1";"arrange table ."
"9";"2";"put dishes on table ."
"9";"3";"bring courses one by one ."
"9";"4";"after done remove plates ."
"10";"1";"take the meal ."
"10";"2";"put on a plate ."
"10";"3";"put the plate on a table ."
"11";"1";"remove take out containers from bag ."
"11";"2";"open take out containers ."
"11";"3";"take food out of take out containers ."
"11";"4";"put food on plates for each person ."
"12";"1";"find a recipe ."
"12";"2";"shop for ingredients ."
"12";"3";"prepare food ."
"12";"4";"lay the table ."
"12";"5";"serve the meal ."
"13";"1";"prepare meal ."
"13";"2";"put meal on table ."
"13";"3";"put utensils and plates on table ."
"14";"1";"cook  the meal ."
"14";"2";"put portions on plates ."
"14";"3";"take plates to the table ."
"15";"1";"set plates cups and silverware on the dinner table ."
"15";"2";"serve food from cook pots and dishes onto the plates ."
"15";"3";"pour beveraves into the cups ."
"15";"4";"invite the people to sit down at the table ."
"16";"1";"bring meal to table ."
"16";"2";"take each plate ."
"16";"3";"put some food on each plate ."
"17";"1";"cook the meal ."
"17";"2";"put the food on plates ."
"17";"3";"take the plates to the guests ."
"18";"1";"locate food for meal ."
"18";"2";"prepare desired meal utilizing a recipe ."
"18";"3";"place silverware and china on dinner table ."
"18";"4";"move prepared food from kitchen to dinner table ."
"18";"5";"serve food ."
"19";"1";"cook meal ."
"19";"2";"set the table for the number of people to be served ."
"19";"3";"place food on plate ."
"19";"4";"offer plate to guests ."
"20";"1";"plan a menu ."
"20";"2";"buy the ingrediants ."
"20";"3";"prepare the ingredients ."
"20";"4";"cook the food ."
"20";"5";"transfer the food to serving dishes ."
"20";"6";"take the food to the table ."
"21";"1";"set the dining table ."
"21";"2";"prepare a meal ."
"21";"3";"put the meal on the table ."
"21";"4";"announce that the meal is served ."
"22";"1";"gather ingredients ."
"22";"2";"cook food ."
"22";"3";"set table ."
"22";"4";"call people to table ."
"22";"5";"bring food to table ."
"22";"6";"eat food ."
"23";"1";"cook meal ."
"23";"2";"get out dishes ."
"23";"3";"put food into dishes ."
"23";"4";"bring dishes to table ."
"24";"1";"setting the table ."
"24";"2";"preparing the food ."
"24";"3";"putting the food into serving dishes ."
"24";"4";"bringing the food to the table ."
"24";"5";"letting guests take the food ."
"24";"6";"eating the food ."
"24";"7";"cleaning up the dishes after the meal ."
"25";"1";"place meal on serving tray ."
"25";"2";"carry serving tray to table ."
"25";"3";"place tray on table ."
"26";"1";"read ingredients ."
"26";"2";"procure ingredients ."
"26";"3";"follow preparation procedure ."
"27";"1";"plan the meal ."
"27";"2";"cook the meal ."
"27";"3";"set the table ."
"27";"4";"put cooked food on plates ."
"27";"5";"put plates on table ."
"28";"1";"put plates on the table ."
"28";"2";"take the meal to the table ."
"28";"3";"put the food on the plates ."
"29";"1";"plan the meal ."
"29";"2";"cook the meal ."
"29";"3";"place meal on table ."
"29";"4";"serve the meal ."
"30";"1";"get ingredients ."
"30";"2";"prepare ingredients ."
"30";"3";"cook meal ."
"30";"4";"put meal on dishes ."
"30";"5";"serve meal ."
"31";"1";"put eachdish in aserving plate ."
"32";"1";"put each dish in a serving plate ."
"32";"2";"put serving plates on table ."
"33";"1";"cook meal ."
"33";"2";"lay table ."
"33";"3";"place meal in dishes ."
"33";"4";"bring meal to table ."
"34";"1";"prepare the meal ."
"34";"2";"set the table ."
"34";"3";"transfer meal to serving dishes ."
"34";"4";"call guests or family to sit ."
"34";"5";"place serving dishes on table ."
"34";"6";"say grace if observed ."
"34";"7";"chow down! ."
"35";"1";"put plates on table ."
"35";"2";"put spoon knife and fork on table ."
"35";"3";"put glass on table ."
"35";"4";"bring cooked dishes to table ."
"35";"5";"call people for dinner ."
"35";"6";"everyone serves from cooked dishes ."
"36";"1";"pick up plate ."
"36";"2";"put plate on table ."
"36";"3";"ask if they want gravy ."
"37";"1";"cook meal ."
"37";"2";"set table ."
"37";"3";"bring food to table ."
"38";"1";"cook the meal ."
"38";"2";"set the table ."
"38";"3";"call the diners to dinner ."
"38";"4";"place the food items on the table ."
"39";"1";"make a meal ."
"39";"2";"set the dinner table ."
"39";"3";"place the food on the dinner table ."
"39";"4";"call the people to dinner ."
"39";"5";"have them dish the food onto their plates ."
"40";"1";"make a meal ."
"40";"2";"set the dinner table ."
"40";"3";"place the food on the dinner table ."
"41";"1";"make a meal ."
"42";"1";"call the people to dinner ."
"43";"1";"set the dinner table ."
"43";"2";"place the food on the dinner table ."
"43";"3";"call the people to dinner ."
"43";"4";"have them dish the food onto their plates ."
"44";"1";"have them dish the food onto their plates ."
"45";"1";"make a meal ."
"45";"2";"set the dinner table ."
"45";"3";"place the food on the dinner table ."
"45";"4";"call the people to dinner ."
"45";"5";"have them dish the food onto their plates ."
"46";"1";"make a meal ."
"46";"2";"set the dinner table ."
"46";"3";"place the food on the dinner table ."
"46";"4";"call the people to dinner ."
"46";"5";"have them dish the food onto their plates ."
"47";"1";"make a meal ."
"47";"2";"set the dinner table ."
"47";"3";"place the food on the dinner table ."
"47";"4";"call the people to dinner ."
"47";"5";"have them dish the food onto their plates ."
"48";"1";"cooking the food ."
"49";"1";"set the table ."
"49";"2";"put food no a serving platter ."
"49";"3";"bring serving platter to the table ."
"50";"1";"set the table ."
"50";"2";"put food no a serving platter ."
"50";"3";"bring serving platter to the table ."
"51";"1";"set the table ."
"51";"2";"put food no a serving platter ."
"51";"3";"bring serving platter to the table ."
"52";"1";"get food ."
"52";"2";"put food on plate ."
"52";"3";"take plate to table ."
"52";"4";"place plate in front of person ."
"53";"1";"get food ."
"53";"2";"put food on plate ."
"53";"3";"take plate to table ."
"53";"4";"place plate in front of person ."
"54";"1";"get appropriate dishes ."
"54";"2";"fill dishes with food ."
"54";"3";"place filled dishes in front of individual ."
"55";"1";"get appropriate dishes ."
"55";"2";"fill dishes with food ."
"55";"3";"place filled dishes in front of individual ."
"56";"1";"get food ."
"56";"2";"put food on plate ."
"56";"3";"take plate to table ."
"56";"4";"place plate in front of person ."
"57";"1";"get appropriate dishes ."
"57";"2";"fill dishes with food ."
"57";"3";"place filled dishes in front of individual ."
"58";"1";"get food ."
"58";"2";"put food on plate ."
"58";"3";"take plate to table ."
"58";"4";"place plate in front of person ."
"59";"1";"get appropriate dishes ."
"59";"2";"fill dishes with food ."
"59";"3";"place filled dishes in front of individual ."
"60";"1";"prepare meal ."
"60";"2";"serve appetizers ."
"60";"3";"serve salad ."
"60";"4";"serve main course ."
"60";"5";"serve dessert ."
"60";"6";"serve coffee ."
"61";"1";"prepare meal ."
"61";"2";"serve appetizers ."
"61";"3";"serve salad ."
"61";"4";"serve main course ."
"61";"5";"serve dessert ."
"61";"6";"serve coffee ."
"62";"1";"prepare meal ."
"62";"2";"serve appetizers ."
"62";"3";"serve salad ."
"62";"4";"serve main course ."
"62";"5";"serve dessert ."
"62";"6";"serve coffee ."
"63";"1";"place food on plates ."
"63";"2";"bring plates to table ."
